username,password
Jl4L7lIxQ,wmsMJAMy9u
eblz59,85zbGk6j
LvItF,ffheVJZ5
Tt3ilN2zBr,4uNtE
xqTeUoYg9,vifXkk
7P8tSRwWS,5bw2drk
IM2UoeMY3,nij0T4
101iH,Xdoblf7d
YrGssW2kjO,AYAC03fst2
kwLlC,bylRBS0M
CvC2loCA,BxfJE68fS
gk4fx,2t8po3
8UIZR1U,ygV4s
OQeRG3Y,gpDve
m0NqDXJUC,qu4TOc
LByhIPMrh,WatLmUJ0X
xq6YpFj,YBCVCnaI1
VkoUcp,wp179
Nr7aWBnWH,vzRWkr
3ioFc82,VZYudmE
LBWfMoy,7qRq6ptij
yWRJ9R,2obnM1
cHwTi,nuF3k2
Z9kPM,rIBkojXL1
f1hEmcl,t92QGFvq
ikV0W7L,WesWURqCf
gFzTUz,BPVZQCykl
H0E16lb8,TsuIg2YcG
tndDAI,b7eDh
GPnK6C1,xJ8HyC
xSqf7HsdP,fh10goa
CVjS9Vx,LHJwj2
OKaGF9nc,hPPLGGyJ
DOS50WV,SnNWcLq
ooXK2se,KreJtO
qPubhC,xyrffws
jYcufI,TmmEHZN
0ECkiWi,kYZ22
5JmS9dHvp2,o3QcwphE
eoDVMsNi,eM6Rhhqf
gv34HAnuSD,wu1ZGtt49
Tva7OloMJQ,dTm72
Mba2eXRk3,oVWEuAEJ
U28uctZi,r3gUI
nOht6QTN,th00a
00d8G1,umR2S
ptS3zrmNQ7,HHbEA
6iDjjpmmOY,djYnZLEm
PKwoc,SfBsqRX
BHqkMd1BoH,ohRBIaK
F8On4n3rxf,KrC76qZxt
JWDJ80e,KWxkWp0
M4jeCy6SGF,3RZ9VAfXlZ
ZhUHnLo,ZfnpgTVbb
t3MsVhUdH,YjzQxPL
0uvnVmJ,MYl0ghw
JHd0jWU8,hEEzOJywb
apab9EqX,f8YRSAKh
rtapN2fzS,Ft4QdQ
pJLgeDZ,xRwvw3Um5
02DkoAI0Hq,YjWCiS
1TNCuRwLXJ,q3HiRWE
00qiCHK,XwYtAHpcG
Uswkz,Eyu3j
Ydf8H6jliX,8KXsaX
0M9lp3iY5,fS5A6A
KAlUf,vwwyloO
MyAsBPM,Q97alR
WZK0UV,Y3iVk
22MH50GJXm,HjvfhZ4lM
iByjRI,q632I72
tWQdLisU,qPGmHRj2S
bGyIyqN,fyb286iN
WYbd4,6foD5vwkH
O79re,FghkF6auIn
1f8CAx8eC,WZsgnpfcou
G5LkGK,N1L26FRO
AtWCpjaG1z,i7nPKedcj1
swsQNIZrJ,wyPEanT
6AuSY,7TyjTDVzbV
DGhBrPA,CjYH2H0S
Af8Yn,XdIFLj0
u37I7,EM81pftjR
YQIUgh,r5HYR6
bJfKg8,pmFVEScDQd
SHgRBMOy9,anEeix
wzCetwQN,1GHPxgR
KOFHk7,nAgksRu
fwpwDfvod,8HxJfxu
AzCTMPcH,JhVI85
j1w5C,NJ5oL
aiY7GTm,0Vxc0kk
n8sEfoD8d,n2SqjWi
m5CjIRXomA,R42se4fcE
Vk6OM1LQW,1Za5tV
T2Lh13L,efmnKO
V4YnlsL,IECxnWpl
yBiFliH3,XMkpxzOwd0
WHzpQ8CY,VK45FQ0qRZ
fT4g1lw,ijh6DNHII5
